,smoking_attitude,sociability,gender_male,age
0,1,3,1,18
1,1,3,1,21
2,1,3,0,43
3,1,5,1,11
4,1,2,1,19
5,3,1,0,20
6,1,3,0,43
7,2,3,1,19
8,3,3,1,19
9,1,4,0,39
10,1,2,0,19
11,1,1,1,19
12,1,5,1,19
13,1,1,0,19
14,4,1,0,19
15,3,4,1,18
16,1,5,0,46
17,1,3,0,36
18,1,3,1,19
19,2,3,1,24
20,1,2,1,19
21,1,4,0,32
22,1,3,0,42
23,1,5,0,38
24,1,2,0,26
25,1,2,0,32
26,1,5,0,42
27,2,3,0,55
28,3,2,0,18
29,3,1,0,19
30,1,1,0,19
31,1,5,0,44
32,3,2,1,19
33,1,1,0,18
34,1,2,0,18
35,1,1,1,19
36,1,1,1,11
37,3,3,1,18
38,1,2,1,18
39,4,3,1,18
40,3,2,0,19
41,1,1,1,21
42,2,2,1,19
43,3,3,1,40
44,1,5,1,50
45,2,3,0,18
46,1,4,0,19
47,1,2,0,18
48,1,1,0,19
49,3,3,0,18
50,1,2,0,45
51,1,2,0,19
52,3,4,0,19
53,3,1,0,19
54,1,1,1,18
55,2,4,0,43
56,3,1,1,18
57,1,3,0,22
58,3,2,0,20
59,3,3,0,17
60,1,1,0,19
61,1,3,0,19
62,3,1,0,19
63,2,4,1,21
64,2,1,0,19
65,1,3,0,49
66,1,1,0,19
67,1,3,1,18
68,1,4,0,47
69,3,3,1,19
70,1,3,0,18
71,1,1,0,19
72,1,1,0,19
73,3,1,0,18
74,3,3,0,19
75,1,3,1,19
76,2,3,1,18
77,1,2,1,18
78,1,2,1,19
79,1,2,0,17
80,3,4,1,19
81,3,2,1,19
82,3,1,1,19
83,1,2,1,51
84,5,1,0,25
85,1,3,0,53
86,5,4,1,18
87,1,3,0,53
88,2,2,1,18
89,1,3,1,58
90,2,3,0,18
91,3,3,1,33
92,1,3,0,31
93,2,5,0,50
94,3,3,0,40
95,3,3,0,19
96,3,1,1,67
97,1,2,1,35
98,1,3,0,40
99,2,3,1,18
100,1,4,0,18
101,1,4,0,47
102,1,1,1,52
103,1,3,0,44
104,1,2,0,20
105,3,3,0,20
106,3,4,1,39
107,3,1,0,56
108,1,5,1,21
109,2,2,0,19
110,1,1,0,18
111,1,2,0,19
112,3,2,1,45
113,2,2,1,19
114,3,5,0,32
115,1,2,0,48
116,1,3,0,47
117,1,3,1,18
118,1,2,1,34
119,3,5,1,20
120,1,1,0,25
121,2,3,1,19
122,3,4,1,56
123,2,2,0,34
124,2,3,0,18
125,3,3,0,20
126,3,1,0,20
127,1,5,0,18
128,1,3,1,19
129,3,1,0,18
130,3,1,0,18
131,1,3,1,37
132,1,3,0,19
133,1,1,0,38
134,3,3,0,30
135,3,4,0,18
136,1,5,1,21
137,1,3,1,18
138,1,3,1,37
139,1,3,1,18
140,1,2,1,19
141,1,2,1,19
142,3,1,1,67
143,1,3,1,19
144,2,2,1,19
145,1,5,1,50
146,2,3,1,19
147,2,2,1,18
148,3,1,1,18
149,1,1,1,19
150,2,4,1,21
151,2,4,1,21
152,3,2,1,19
153,1,3,1,21
154,3,3,1,33
155,3,1,1,67
156,3,1,1,18
157,2,2,1,19
158,2,4,1,21
159,4,3,1,18
160,1,3,1,58
161,1,3,1,18
162,1,1,1,19
163,3,4,1,18
164,1,5,1,11
165,1,1,1,11
166,1,1,1,11
167,1,5,1,11
168,1,1,1,11
169,1,1,1,11
170,1,1,1,11
171,1,1,1,11
172,1,1,1,11
173,1,1,1,11
174,1,1,1,11
175,1,5,1,11
176,1,5,1,11
177,1,1,1,11
178,1,5,1,11
179,1,5,1,11
180,1,5,1,11
181,1,5,1,11
182,1,5,1,11
183,1,1,1,11
184,1,5,1,11
185,1,1,1,11
186,1,1,1,11
187,1,5,1,11
188,1,5,1,11
189,1,1,1,11
190,1,1,1,11
191,1,1,1,11
192,1,1,1,11
193,1,5,1,11
194,1,1,1,11
195,1,5,1,11
196,1,1,1,11
197,1,5,1,11
198,1,1,1,11
199,1,1,1,11
200,1,5,1,11
201,1,1,1,11
202,1,1,1,11
203,1,5,1,11
204,1,5,1,11
205,1,1,1,11
206,1,5,1,11
207,1,1,1,11
208,1,1,1,11
209,1,1,1,11
210,1,1,1,11
211,1,1,1,11
212,1,5,1,11
213,1,2,0,17
214,3,3,0,17
215,1,2,0,17
216,1,2,0,17
217,1,2,0,17
218,1,2,0,17
219,3,3,0,17
220,1,2,0,17
221,3,3,0,17
222,3,3,0,17
223,1,2,0,17
224,1,2,0,17
225,3,3,0,17
226,1,2,0,17
227,3,3,0,17
228,1,2,0,17
229,3,3,0,17
230,3,3,0,17
231,3,3,0,17
232,3,3,0,17
233,3,3,0,17
234,1,2,0,17
235,1,2,0,17
236,3,3,0,17
237,3,3,0,17
238,3,3,0,17
239,1,2,0,17
240,1,2,0,17
241,3,3,0,17
242,1,2,0,17
243,3,3,0,17
244,3,3,0,17
245,1,2,0,17
246,3,3,0,17
247,1,2,0,17
248,1,2,0,17
249,1,2,0,17
250,1,2,0,17
251,1,2,0,17
252,1,2,0,17
253,3,3,0,17
254,1,2,0,17
255,1,2,0,17
256,3,3,0,17
257,3,3,0,17
258,1,2,0,17
259,3,3,0,17
260,3,3,0,17
261,1,2,0,17
262,3,1,1,18
263,2,3,0,18
264,1,1,1,18
265,1,2,0,18
266,1,2,1,18
267,1,2,0,18
268,1,1,0,18
269,3,1,1,18
270,1,3,1,18
271,1,3,0,18
272,3,1,0,18
273,2,3,0,18
274,4,3,1,18
275,1,2,0,20
276,3,3,0,20
277,3,3,0,20
278,3,3,0,20
279,3,1,0,20
280,3,2,0,20
281,3,3,0,20
282,3,2,0,20
283,3,3,0,20
284,3,1,0,20
285,3,3,0,20
286,3,1,0,20
287,3,1,0,20
288,3,2,0,20
289,1,2,0,20
290,3,5,1,20
291,1,2,0,20
292,3,1,0,20
293,3,3,0,20
294,3,3,0,20
295,1,2,0,20
296,1,2,0,20
297,3,3,0,20
298,3,1,0,20
299,3,3,0,20
300,3,2,0,20
301,3,1,0,20
302,1,2,0,20
303,1,2,0,20
304,3,3,0,20
305,1,2,0,20
306,3,3,0,20
307,1,2,0,20
308,3,2,0,20
309,1,2,0,20
310,3,1,0,20
311,3,3,0,20
312,3,1,0,20
313,3,3,0,20
314,3,3,0,20
315,1,2,0,20
316,3,1,0,20
317,3,3,0,20
318,3,5,1,20
319,1,1,1,21
320,2,4,1,21
321,1,1,1,21
322,1,5,1,21
323,2,4,1,21
324,2,4,1,21
325,2,4,1,21
326,1,5,1,21
327,1,3,1,21
328,1,3,1,21
329,2,4,1,21
330,1,3,1,21
331,2,4,1,21
332,1,5,1,21
333,1,5,1,21
334,2,4,1,21
335,2,4,1,21
336,2,4,1,21
337,2,4,1,21
338,1,5,1,21
339,2,4,1,21
340,1,3,1,21
341,2,4,1,21
342,2,4,1,21
343,1,5,1,21
344,2,4,1,21
345,2,4,1,21
346,2,4,1,21
347,1,5,1,21
348,1,5,1,21
349,1,3,1,21
350,1,5,1,21
351,1,5,1,21
352,2,4,1,21
353,2,4,1,21
354,1,3,1,21
355,2,4,1,21
356,2,4,1,21
357,1,3,1,21
358,2,4,1,21
359,2,4,1,21
360,1,5,1,21
361,1,3,0,22
362,1,3,0,22
363,1,3,0,22
364,1,3,0,22
365,1,3,0,22
366,1,3,0,22
367,1,3,0,22
368,1,3,0,22
369,1,3,0,22
370,1,3,0,22
371,1,3,0,22
372,1,3,0,22
373,1,3,0,22
374,1,3,0,22
375,1,3,0,22
376,1,3,0,22
377,1,3,0,22
378,1,3,0,22
379,1,3,0,22
380,1,3,0,22
381,1,3,0,22
382,1,3,0,22
383,1,3,0,22
384,1,3,0,22
385,1,3,0,22
386,1,3,0,22
387,1,3,0,22
388,1,3,0,22
389,1,3,0,22
390,1,3,0,22
391,1,3,0,22
392,1,3,0,22
393,1,3,0,22
394,1,3,0,22
395,1,3,0,22
396,1,3,0,22
397,1,3,0,22
398,1,3,0,22
399,1,3,0,22
400,1,3,0,22
401,1,3,0,22
402,1,3,0,22
403,1,3,0,22
404,1,3,0,22
405,1,3,0,22
406,1,3,0,22
407,1,3,0,22
408,1,3,0,22
409,1,3,0,22
410,1,3,0,22
411,2,3,1,24
412,2,3,1,24
413,2,3,1,24
414,2,3,1,24
415,2,3,1,24
416,2,3,1,24
417,2,3,1,24
418,2,3,1,24
419,2,3,1,24
420,2,3,1,24
421,2,3,1,24
422,2,3,1,24
423,2,3,1,24
424,2,3,1,24
425,2,3,1,24
426,2,3,1,24
427,2,3,1,24
428,2,3,1,24
429,2,3,1,24
430,2,3,1,24
431,2,3,1,24
432,2,3,1,24
433,2,3,1,24
434,2,3,1,24
435,2,3,1,24
436,2,3,1,24
437,2,3,1,24
438,2,3,1,24
439,2,3,1,24
440,2,3,1,24
441,2,3,1,24
442,2,3,1,24
443,2,3,1,24
444,2,3,1,24
445,2,3,1,24
446,2,3,1,24
447,2,3,1,24
448,2,3,1,24
449,2,3,1,24
450,2,3,1,24
451,2,3,1,24
452,2,3,1,24
453,2,3,1,24
454,2,3,1,24
455,2,3,1,24
456,2,3,1,24
457,2,3,1,24
458,2,3,1,24
459,2,3,1,24
460,2,3,1,24
461,1,1,0,25
462,5,1,0,25
463,5,1,0,25
464,5,1,0,25
465,1,1,0,25
466,1,1,0,25
467,1,1,0,25
468,5,1,0,25
469,1,1,0,25
470,1,1,0,25
471,1,1,0,25
472,1,1,0,25
473,5,1,0,25
474,5,1,0,25
475,1,1,0,25
476,1,1,0,25
477,5,1,0,25
478,5,1,0,25
479,5,1,0,25
480,1,1,0,25
481,1,1,0,25
482,5,1,0,25
483,1,1,0,25
484,1,1,0,25
485,1,1,0,25
486,1,1,0,25
487,1,1,0,25
488,5,1,0,25
489,5,1,0,25
490,5,1,0,25
491,1,1,0,25
492,5,1,0,25
493,1,1,0,25
494,5,1,0,25
495,1,1,0,25
496,1,1,0,25
497,5,1,0,25
498,5,1,0,25
499,5,1,0,25
500,1,1,0,25
501,5,1,0,25
502,5,1,0,25
503,1,1,0,25
504,1,1,0,25
505,1,1,0,25
506,1,1,0,25
507,5,1,0,25
508,1,1,0,25
509,5,1,0,25
510,1,2,0,26
511,1,2,0,26
512,1,2,0,26
513,1,2,0,26
514,1,2,0,26
515,1,2,0,26
516,1,2,0,26
517,1,2,0,26
518,1,2,0,26
519,1,2,0,26
520,1,2,0,26
521,1,2,0,26
522,1,2,0,26
523,1,2,0,26
524,1,2,0,26
525,1,2,0,26
526,1,2,0,26
527,1,2,0,26
528,1,2,0,26
529,1,2,0,26
530,1,2,0,26
531,1,2,0,26
532,1,2,0,26
533,1,2,0,26
534,1,2,0,26
535,1,2,0,26
536,1,2,0,26
537,1,2,0,26
538,1,2,0,26
539,1,2,0,26
540,1,2,0,26
541,1,2,0,26
542,1,2,0,26
543,1,2,0,26
544,1,2,0,26
545,1,2,0,26
546,1,2,0,26
547,1,2,0,26
548,1,2,0,26
549,1,2,0,26
550,1,2,0,26
551,1,2,0,26
552,1,2,0,26
553,1,2,0,26
554,1,2,0,26
555,1,2,0,26
556,1,2,0,26
557,1,2,0,26
558,1,2,0,26
559,1,2,0,26
560,3,3,0,30
561,3,3,0,30
562,3,3,0,30
563,3,3,0,30
564,3,3,0,30
565,3,3,0,30
566,3,3,0,30
567,3,3,0,30
568,3,3,0,30
569,3,3,0,30
570,3,3,0,30
571,3,3,0,30
572,3,3,0,30
573,3,3,0,30
574,3,3,0,30
575,3,3,0,30
576,3,3,0,30
577,3,3,0,30
578,3,3,0,30
579,3,3,0,30
580,3,3,0,30
581,3,3,0,30
582,3,3,0,30
583,3,3,0,30
584,3,3,0,30
585,3,3,0,30
586,3,3,0,30
587,3,3,0,30
588,3,3,0,30
589,3,3,0,30
590,3,3,0,30
591,3,3,0,30
592,3,3,0,30
593,3,3,0,30
594,3,3,0,30
595,3,3,0,30
596,3,3,0,30
597,3,3,0,30
598,3,3,0,30
599,3,3,0,30
600,3,3,0,30
601,3,3,0,30
602,3,3,0,30
603,3,3,0,30
604,3,3,0,30
605,3,3,0,30
606,3,3,0,30
607,3,3,0,30
608,3,3,0,30
609,3,3,0,30
610,1,3,0,31
611,1,3,0,31
612,1,3,0,31
613,1,3,0,31
614,1,3,0,31
615,1,3,0,31
616,1,3,0,31
617,1,3,0,31
618,1,3,0,31
619,1,3,0,31
620,1,3,0,31
621,1,3,0,31
622,1,3,0,31
623,1,3,0,31
624,1,3,0,31
625,1,3,0,31
626,1,3,0,31
627,1,3,0,31
628,1,3,0,31
629,1,3,0,31
630,1,3,0,31
631,1,3,0,31
632,1,3,0,31
633,1,3,0,31
634,1,3,0,31
635,1,3,0,31
636,1,3,0,31
637,1,3,0,31
638,1,3,0,31
639,1,3,0,31
640,1,3,0,31
641,1,3,0,31
642,1,3,0,31
643,1,3,0,31
644,1,3,0,31
645,1,3,0,31
646,1,3,0,31
647,1,3,0,31
648,1,3,0,31
649,1,3,0,31
650,1,3,0,31
651,1,3,0,31
652,1,3,0,31
653,1,3,0,31
654,1,3,0,31
655,1,3,0,31
656,1,3,0,31
657,1,3,0,31
658,1,3,0,31
659,1,3,0,31
660,1,4,0,32
661,3,5,0,32
662,3,5,0,32
663,1,2,0,32
664,1,2,0,32
665,1,4,0,32
666,1,4,0,32
667,3,5,0,32
668,1,2,0,32
669,1,2,0,32
670,3,5,0,32
671,1,4,0,32
672,1,2,0,32
673,1,2,0,32
674,1,2,0,32
675,1,2,0,32
676,1,2,0,32
677,3,5,0,32
678,3,5,0,32
679,3,5,0,32
680,1,4,0,32
681,1,2,0,32
682,3,5,0,32
683,1,2,0,32
684,1,2,0,32
685,1,2,0,32
686,1,2,0,32
687,1,4,0,32
688,3,5,0,32
689,3,5,0,32
690,1,4,0,32
691,1,2,0,32
692,1,2,0,32
693,1,4,0,32
694,1,4,0,32
695,1,4,0,32
696,3,5,0,32
697,1,2,0,32
698,3,5,0,32
699,1,2,0,32
700,3,5,0,32
701,1,4,0,32
702,3,5,0,32
703,1,4,0,32
704,1,2,0,32
705,1,2,0,32
706,1,2,0,32
707,1,4,0,32
708,3,3,1,33
709,3,3,1,33
710,3,3,1,33
711,3,3,1,33
712,3,3,1,33
713,3,3,1,33
714,3,3,1,33
715,3,3,1,33
716,3,3,1,33
717,3,3,1,33
718,3,3,1,33
719,3,3,1,33
720,3,3,1,33
721,3,3,1,33
722,3,3,1,33
723,3,3,1,33
724,3,3,1,33
725,3,3,1,33
726,3,3,1,33
727,3,3,1,33
728,3,3,1,33
729,3,3,1,33
730,3,3,1,33
731,3,3,1,33
732,3,3,1,33
733,3,3,1,33
734,3,3,1,33
735,3,3,1,33
736,3,3,1,33
737,3,3,1,33
738,3,3,1,33
739,3,3,1,33
740,3,3,1,33
741,3,3,1,33
742,3,3,1,33
743,3,3,1,33
744,3,3,1,33
745,3,3,1,33
746,3,3,1,33
747,3,3,1,33
748,3,3,1,33
749,3,3,1,33
750,3,3,1,33
751,3,3,1,33
752,3,3,1,33
753,3,3,1,33
754,3,3,1,33
755,3,3,1,33
756,3,3,1,33
757,2,2,0,34
758,2,2,0,34
759,2,2,0,34
760,1,2,1,34
761,1,2,1,34
762,2,2,0,34
763,2,2,0,34
764,1,2,1,34
765,2,2,0,34
766,2,2,0,34
767,2,2,0,34
768,1,2,1,34
769,1,2,1,34
770,1,2,1,34
771,2,2,0,34
772,1,2,1,34
773,1,2,1,34
774,1,2,1,34
775,1,2,1,34
776,1,2,1,34
777,1,2,1,34
778,2,2,0,34
779,2,2,0,34
780,2,2,0,34
781,1,2,1,34
782,1,2,1,34
783,2,2,0,34
784,2,2,0,34
785,2,2,0,34
786,1,2,1,34
787,2,2,0,34
788,1,2,1,34
789,2,2,0,34
790,1,2,1,34
791,2,2,0,34
792,2,2,0,34
793,2,2,0,34
794,1,2,1,34
795,2,2,0,34
796,1,2,1,34
797,1,2,1,34
798,2,2,0,34
799,1,2,1,34
800,2,2,0,34
801,1,2,1,34
802,1,2,1,34
803,2,2,0,34
804,1,2,1,34
805,1,2,1,34
806,1,2,1,35
807,1,2,1,35
808,1,2,1,35
809,1,2,1,35
810,1,2,1,35
811,1,2,1,35
812,1,2,1,35
813,1,2,1,35
814,1,2,1,35
815,1,2,1,35
816,1,2,1,35
817,1,2,1,35
818,1,2,1,35
819,1,2,1,35
820,1,2,1,35
821,1,2,1,35
822,1,2,1,35
823,1,2,1,35
824,1,2,1,35
825,1,2,1,35
826,1,2,1,35
827,1,2,1,35
828,1,2,1,35
829,1,2,1,35
830,1,2,1,35
831,1,2,1,35
832,1,2,1,35
833,1,2,1,35
834,1,2,1,35
835,1,2,1,35
836,1,2,1,35
837,1,2,1,35
838,1,2,1,35
839,1,2,1,35
840,1,2,1,35
841,1,2,1,35
842,1,2,1,35
843,1,2,1,35
844,1,2,1,35
845,1,2,1,35
846,1,2,1,35
847,1,2,1,35
848,1,2,1,35
849,1,2,1,35
850,1,2,1,35
851,1,2,1,35
852,1,2,1,35
853,1,2,1,35
854,1,2,1,35
855,1,2,1,35
856,1,3,0,36
857,1,3,0,36
858,1,3,0,36
859,1,3,0,36
860,1,3,0,36
861,1,3,0,36
862,1,3,0,36
863,1,3,0,36
864,1,3,0,36
865,1,3,0,36
866,1,3,0,36
867,1,3,0,36
868,1,3,0,36
869,1,3,0,36
870,1,3,0,36
871,1,3,0,36
872,1,3,0,36
873,1,3,0,36
874,1,3,0,36
875,1,3,0,36
876,1,3,0,36
877,1,3,0,36
878,1,3,0,36
879,1,3,0,36
880,1,3,0,36
881,1,3,0,36
882,1,3,0,36
883,1,3,0,36
884,1,3,0,36
885,1,3,0,36
886,1,3,0,36
887,1,3,0,36
888,1,3,0,36
889,1,3,0,36
890,1,3,0,36
891,1,3,0,36
892,1,3,0,36
893,1,3,0,36
894,1,3,0,36
895,1,3,0,36
896,1,3,0,36
897,1,3,0,36
898,1,3,0,36
899,1,3,0,36
900,1,3,0,36
901,1,3,0,36
902,1,3,0,36
903,1,3,0,36
904,1,3,0,36
905,1,3,0,36
906,1,3,1,37
907,1,3,1,37
908,1,3,1,37
909,1,3,1,37
910,1,3,1,37
911,1,3,1,37
912,1,3,1,37
913,1,3,1,37
914,1,3,1,37
915,1,3,1,37
916,1,3,1,37
917,1,3,1,37
918,1,3,1,37
919,1,3,1,37
920,1,3,1,37
921,1,3,1,37
922,1,3,1,37
923,1,3,1,37
924,1,3,1,37
925,1,3,1,37
926,1,3,1,37
927,1,3,1,37
928,1,3,1,37
929,1,3,1,37
930,1,3,1,37
931,1,3,1,37
932,1,3,1,37
933,1,3,1,37
934,1,3,1,37
935,1,3,1,37
936,1,3,1,37
937,1,3,1,37
938,1,3,1,37
939,1,3,1,37
940,1,3,1,37
941,1,3,1,37
942,1,3,1,37
943,1,3,1,37
944,1,3,1,37
945,1,3,1,37
946,1,3,1,37
947,1,3,1,37
948,1,3,1,37
949,1,3,1,37
950,1,3,1,37
951,1,3,1,37
952,1,3,1,37
953,1,3,1,37
954,1,3,1,37
955,1,5,0,38
956,1,5,0,38
957,1,1,0,38
958,1,5,0,38
959,1,5,0,38
960,1,1,0,38
961,1,5,0,38
962,1,5,0,38
963,1,5,0,38
964,1,1,0,38
965,1,5,0,38
966,1,1,0,38
967,1,5,0,38
968,1,1,0,38
969,1,5,0,38
970,1,1,0,38
971,1,1,0,38
972,1,5,0,38
973,1,5,0,38
974,1,1,0,38
975,1,5,0,38
976,1,1,0,38
977,1,5,0,38
978,1,1,0,38
979,1,5,0,38
980,1,5,0,38
981,1,5,0,38
982,1,5,0,38
983,1,1,0,38
984,1,1,0,38
985,1,5,0,38
986,1,1,0,38
987,1,5,0,38
988,1,1,0,38
989,1,1,0,38
990,1,5,0,38
991,1,1,0,38
992,1,5,0,38
993,1,5,0,38
994,1,5,0,38
995,1,5,0,38
996,1,5,0,38
997,1,1,0,38
998,1,1,0,38
999,1,5,0,38
1000,1,5,0,38
1001,1,5,0,38
1002,1,5,0,38
1003,1,1,0,38
1004,3,4,1,39
1005,1,4,0,39
1006,1,4,0,39
1007,3,4,1,39
1008,1,4,0,39
1009,3,4,1,39
1010,3,4,1,39
1011,3,4,1,39
1012,3,4,1,39
1013,3,4,1,39
1014,3,4,1,39
1015,3,4,1,39
1016,3,4,1,39
1017,3,4,1,39
1018,3,4,1,39
1019,3,4,1,39
1020,1,4,0,39
1021,1,4,0,39
1022,3,4,1,39
1023,3,4,1,39
1024,3,4,1,39
1025,3,4,1,39
1026,1,4,0,39
1027,1,4,0,39
1028,3,4,1,39
1029,1,4,0,39
1030,1,4,0,39
1031,3,4,1,39
1032,1,4,0,39
1033,3,4,1,39
1034,1,4,0,39
1035,3,4,1,39
1036,1,4,0,39
1037,1,4,0,39
1038,3,4,1,39
1039,1,4,0,39
1040,1,4,0,39
1041,1,4,0,39
1042,1,4,0,39
1043,1,4,0,39
1044,3,4,1,39
1045,1,4,0,39
1046,3,4,1,39
1047,1,4,0,39
1048,1,4,0,39
1049,3,4,1,39
1050,3,4,1,39
1051,3,4,1,39
1052,3,4,1,39
1053,3,3,1,40
1054,1,3,0,40
1055,3,3,0,40
1056,3,3,1,40
1057,3,3,1,40
1058,1,3,0,40
1059,3,3,0,40
1060,1,3,0,40
1061,1,3,0,40
1062,3,3,0,40
1063,3,3,1,40
1064,3,3,1,40
1065,1,3,0,40
1066,3,3,0,40
1067,3,3,0,40
1068,3,3,1,40
1069,3,3,1,40
1070,1,3,0,40
1071,3,3,1,40
1072,3,3,0,40
1073,1,3,0,40
1074,1,3,0,40
1075,3,3,0,40
1076,3,3,1,40
1077,3,3,1,40
1078,3,3,0,40
1079,3,3,1,40
1080,3,3,1,40
1081,1,3,0,40
1082,3,3,1,40
1083,3,3,1,40
1084,3,3,0,40
1085,3,3,0,40
1086,3,3,0,40
1087,3,3,0,40
1088,3,3,0,40
1089,3,3,0,40
1090,1,3,0,40
1091,3,3,1,40
1092,1,3,0,40
1093,3,3,1,40
1094,3,3,0,40
1095,3,3,1,40
1096,1,3,0,40
1097,3,3,1,40
1098,3,3,1,40
1099,3,3,0,40
1100,1,3,0,40
1101,1,5,0,42
1102,1,5,0,42
1103,1,5,0,42
1104,1,5,0,42
1105,1,5,0,42
1106,1,3,0,42
1107,1,3,0,42
1108,1,5,0,42
1109,1,3,0,42
1110,1,3,0,42
1111,1,3,0,42
1112,1,5,0,42
1113,1,3,0,42
1114,1,5,0,42
1115,1,3,0,42
1116,1,5,0,42
1117,1,3,0,42
1118,1,5,0,42
1119,1,5,0,42
1120,1,3,0,42
1121,1,5,0,42
1122,1,3,0,42
1123,1,3,0,42
1124,1,3,0,42
1125,1,5,0,42
1126,1,3,0,42
1127,1,5,0,42
1128,1,3,0,42
1129,1,5,0,42
1130,1,5,0,42
1131,1,3,0,42
1132,1,5,0,42
1133,1,5,0,42
1134,1,3,0,42
1135,1,5,0,42
1136,1,5,0,42
1137,1,5,0,42
1138,1,5,0,42
1139,1,5,0,42
1140,1,3,0,42
1141,1,3,0,42
1142,1,5,0,42
1143,1,5,0,42
1144,1,5,0,42
1145,1,5,0,42
1146,1,3,0,42
1147,1,5,0,42
1148,1,3,0,42
1149,1,3,0,42
1150,1,3,0,43
1151,2,4,0,43
1152,1,3,0,43
1153,2,4,0,43
1154,1,3,0,43
1155,2,4,0,43
1156,1,3,0,43
1157,2,4,0,43
1158,2,4,0,43
1159,2,4,0,43
1160,2,4,0,43
1161,1,3,0,43
1162,2,4,0,43
1163,2,4,0,43
1164,2,4,0,43
1165,2,4,0,43
1166,1,3,0,43
1167,1,3,0,43
1168,1,3,0,43
1169,2,4,0,43
1170,1,3,0,43
1171,1,3,0,43
1172,2,4,0,43
1173,1,3,0,43
1174,2,4,0,43
1175,2,4,0,43
1176,1,3,0,43
1177,1,3,0,43
1178,2,4,0,43
1179,1,3,0,43
1180,2,4,0,43
1181,1,3,0,43
1182,2,4,0,43
1183,1,3,0,43
1184,1,3,0,43
1185,1,3,0,43
1186,2,4,0,43
1187,2,4,0,43
1188,1,3,0,43
1189,2,4,0,43
1190,1,3,0,43
1191,2,4,0,43
1192,1,3,0,43
1193,1,3,0,43
1194,2,4,0,43
1195,1,3,0,43
1196,2,4,0,43
1197,1,3,0,43
1198,1,5,0,44
1199,1,3,0,44
1200,1,5,0,44
1201,1,5,0,44
1202,1,3,0,44
1203,1,5,0,44
1204,1,5,0,44
1205,1,5,0,44
1206,1,3,0,44
1207,1,3,0,44
1208,1,5,0,44
1209,1,5,0,44
1210,1,5,0,44
1211,1,3,0,44
1212,1,5,0,44
1213,1,5,0,44
1214,1,3,0,44
1215,1,5,0,44
1216,1,3,0,44
1217,1,5,0,44
1218,1,5,0,44
1219,1,3,0,44
1220,1,3,0,44
1221,1,5,0,44
1222,1,5,0,44
1223,1,3,0,44
1224,1,3,0,44
1225,1,3,0,44
1226,1,5,0,44
1227,1,5,0,44
1228,1,5,0,44
1229,1,5,0,44
1230,1,5,0,44
1231,1,3,0,44
1232,1,5,0,44
1233,1,5,0,44
1234,1,5,0,44
1235,1,5,0,44
1236,1,5,0,44
1237,1,3,0,44
1238,1,3,0,44
1239,1,3,0,44
1240,1,3,0,44
1241,1,3,0,44
1242,1,5,0,44
1243,1,5,0,44
1244,1,3,0,44
1245,1,3,0,44
1246,1,3,0,44
1247,3,2,1,45
1248,3,2,1,45
1249,3,2,1,45
1250,3,2,1,45
1251,3,2,1,45
1252,1,2,0,45
1253,1,2,0,45
1254,1,2,0,45
1255,3,2,1,45
1256,3,2,1,45
1257,3,2,1,45
1258,3,2,1,45
1259,1,2,0,45
1260,1,2,0,45
1261,3,2,1,45
1262,1,2,0,45
1263,3,2,1,45
1264,3,2,1,45
1265,3,2,1,45
1266,3,2,1,45
1267,3,2,1,45
1268,1,2,0,45
1269,1,2,0,45
1270,1,2,0,45
1271,1,2,0,45
1272,3,2,1,45
1273,1,2,0,45
1274,1,2,0,45
1275,1,2,0,45
1276,1,2,0,45
1277,3,2,1,45
1278,3,2,1,45
1279,3,2,1,45
1280,3,2,1,45
1281,3,2,1,45
1282,1,2,0,45
1283,3,2,1,45
1284,1,2,0,45
1285,1,2,0,45
1286,3,2,1,45
1287,3,2,1,45
1288,3,2,1,45
1289,3,2,1,45
1290,3,2,1,45
1291,1,2,0,45
1292,1,2,0,45
1293,3,2,1,45
1294,1,2,0,45
1295,1,2,0,45
1296,1,5,0,46
1297,1,5,0,46
1298,1,5,0,46
1299,1,5,0,46
1300,1,5,0,46
1301,1,5,0,46
1302,1,5,0,46
1303,1,5,0,46
1304,1,5,0,46
1305,1,5,0,46
1306,1,5,0,46
1307,1,5,0,46
1308,1,5,0,46
1309,1,5,0,46
1310,1,5,0,46
1311,1,5,0,46
1312,1,5,0,46
1313,1,5,0,46
1314,1,5,0,46
1315,1,5,0,46
1316,1,5,0,46
1317,1,5,0,46
1318,1,5,0,46
1319,1,5,0,46
1320,1,5,0,46
1321,1,5,0,46
1322,1,5,0,46
1323,1,5,0,46
1324,1,5,0,46
1325,1,5,0,46
1326,1,5,0,46
1327,1,5,0,46
1328,1,5,0,46
1329,1,5,0,46
1330,1,5,0,46
1331,1,5,0,46
1332,1,5,0,46
1333,1,5,0,46
1334,1,5,0,46
1335,1,5,0,46
1336,1,5,0,46
1337,1,5,0,46
1338,1,5,0,46
1339,1,5,0,46
1340,1,5,0,46
1341,1,5,0,46
1342,1,5,0,46
1343,1,5,0,46
1344,1,5,0,46
1345,1,5,0,46
1346,1,4,0,47
1347,1,4,0,47
1348,1,3,0,47
1349,1,4,0,47
1350,1,4,0,47
1351,1,4,0,47
1352,1,4,0,47
1353,1,3,0,47
1354,1,4,0,47
1355,1,4,0,47
1356,1,4,0,47
1357,1,3,0,47
1358,1,4,0,47
1359,1,3,0,47
1360,1,4,0,47
1361,1,4,0,47
1362,1,3,0,47
1363,1,4,0,47
1364,1,4,0,47
1365,1,4,0,47
1366,1,4,0,47
1367,1,4,0,47
1368,1,4,0,47
1369,1,3,0,47
1370,1,3,0,47
1371,1,3,0,47
1372,1,4,0,47
1373,1,3,0,47
1374,1,4,0,47
1375,1,4,0,47
1376,1,3,0,47
1377,1,3,0,47
1378,1,4,0,47
1379,1,4,0,47
1380,1,3,0,47
1381,1,4,0,47
1382,1,4,0,47
1383,1,3,0,47
1384,1,4,0,47
1385,1,3,0,47
1386,1,4,0,47
1387,1,4,0,47
1388,1,4,0,47
1389,1,4,0,47
1390,1,4,0,47
1391,1,4,0,47
1392,1,4,0,47
1393,1,4,0,47
1394,1,2,0,48
1395,1,2,0,48
1396,1,2,0,48
1397,1,2,0,48
1398,1,2,0,48
1399,1,2,0,48
1400,1,2,0,48
1401,1,2,0,48
1402,1,2,0,48
1403,1,2,0,48
1404,1,2,0,48
1405,1,2,0,48
1406,1,2,0,48
1407,1,2,0,48
1408,1,2,0,48
1409,1,2,0,48
1410,1,2,0,48
1411,1,2,0,48
1412,1,2,0,48
1413,1,2,0,48
1414,1,2,0,48
1415,1,2,0,48
1416,1,2,0,48
1417,1,2,0,48
1418,1,2,0,48
1419,1,2,0,48
1420,1,2,0,48
1421,1,2,0,48
1422,1,2,0,48
1423,1,2,0,48
1424,1,2,0,48
1425,1,2,0,48
1426,1,2,0,48
1427,1,2,0,48
1428,1,2,0,48
1429,1,2,0,48
1430,1,2,0,48
1431,1,2,0,48
1432,1,2,0,48
1433,1,2,0,48
1434,1,2,0,48
1435,1,2,0,48
1436,1,2,0,48
1437,1,2,0,48
1438,1,2,0,48
1439,1,2,0,48
1440,1,2,0,48
1441,1,2,0,48
1442,1,2,0,48
1443,1,2,0,48
1444,1,3,0,49
1445,1,3,0,49
1446,1,3,0,49
1447,1,3,0,49
1448,1,3,0,49
1449,1,3,0,49
1450,1,3,0,49
1451,1,3,0,49
1452,1,3,0,49
1453,1,3,0,49
1454,1,3,0,49
1455,1,3,0,49
1456,1,3,0,49
1457,1,3,0,49
1458,1,3,0,49
1459,1,3,0,49
1460,1,3,0,49
1461,1,3,0,49
1462,1,3,0,49
1463,1,3,0,49
1464,1,3,0,49
1465,1,3,0,49
1466,1,3,0,49
1467,1,3,0,49
1468,1,3,0,49
1469,1,3,0,49
1470,1,3,0,49
1471,1,3,0,49
1472,1,3,0,49
1473,1,3,0,49
1474,1,3,0,49
1475,1,3,0,49
1476,1,3,0,49
1477,1,3,0,49
1478,1,3,0,49
1479,1,3,0,49
1480,1,3,0,49
1481,1,3,0,49
1482,1,3,0,49
1483,1,3,0,49
1484,1,3,0,49
1485,1,3,0,49
1486,1,3,0,49
1487,1,3,0,49
1488,1,3,0,49
1489,1,3,0,49
1490,1,3,0,49
1491,1,3,0,49
1492,1,3,0,49
1493,1,3,0,49
1494,1,5,1,50
1495,2,5,0,50
1496,1,5,1,50
1497,2,5,0,50
1498,1,5,1,50
1499,2,5,0,50
1500,1,5,1,50
1501,1,5,1,50
1502,1,5,1,50
1503,2,5,0,50
1504,1,5,1,50
1505,1,5,1,50
1506,1,5,1,50
1507,1,5,1,50
1508,1,5,1,50
1509,1,5,1,50
1510,1,5,1,50
1511,1,5,1,50
1512,1,5,1,50
1513,1,5,1,50
1514,2,5,0,50
1515,1,5,1,50
1516,1,5,1,50
1517,1,5,1,50
1518,2,5,0,50
1519,2,5,0,50
1520,1,5,1,50
1521,2,5,0,50
1522,1,5,1,50
1523,1,5,1,50
1524,1,5,1,50
1525,2,5,0,50
1526,1,5,1,50
1527,1,5,1,50
1528,1,5,1,50
1529,2,5,0,50
1530,2,5,0,50
1531,1,5,1,50
1532,1,5,1,50
1533,2,5,0,50
1534,1,5,1,50
1535,2,5,0,50
1536,1,5,1,50
1537,1,5,1,50
1538,1,5,1,50
1539,1,5,1,50
1540,1,5,1,50
1541,1,5,1,50
1542,1,2,1,51
1543,1,2,1,51
1544,1,2,1,51
1545,1,2,1,51
1546,1,2,1,51
1547,1,2,1,51
1548,1,2,1,51
1549,1,2,1,51
1550,1,2,1,51
1551,1,2,1,51
1552,1,2,1,51
1553,1,2,1,51
1554,1,2,1,51
1555,1,2,1,51
1556,1,2,1,51
1557,1,2,1,51
1558,1,2,1,51
1559,1,2,1,51
1560,1,2,1,51
1561,1,2,1,51
1562,1,2,1,51
1563,1,2,1,51
1564,1,2,1,51
1565,1,2,1,51
1566,1,2,1,51
1567,1,2,1,51
1568,1,2,1,51
1569,1,2,1,51
1570,1,2,1,51
1571,1,2,1,51
1572,1,2,1,51
1573,1,2,1,51
1574,1,2,1,51
1575,1,2,1,51
1576,1,2,1,51
1577,1,2,1,51
1578,1,2,1,51
1579,1,2,1,51
1580,1,2,1,51
1581,1,2,1,51
1582,1,2,1,51
1583,1,2,1,51
1584,1,2,1,51
1585,1,2,1,51
1586,1,2,1,51
1587,1,2,1,51
1588,1,2,1,51
1589,1,2,1,51
1590,1,2,1,51
1591,1,2,1,51
1592,1,1,1,52
1593,1,1,1,52
1594,1,1,1,52
1595,1,1,1,52
1596,1,1,1,52
1597,1,1,1,52
1598,1,1,1,52
1599,1,1,1,52
1600,1,1,1,52
1601,1,1,1,52
1602,1,1,1,52
1603,1,1,1,52
1604,1,1,1,52
1605,1,1,1,52
1606,1,1,1,52
1607,1,1,1,52
1608,1,1,1,52
1609,1,1,1,52
1610,1,1,1,52
1611,1,1,1,52
1612,1,1,1,52
1613,1,1,1,52
1614,1,1,1,52
1615,1,1,1,52
1616,1,1,1,52
1617,1,1,1,52
1618,1,1,1,52
1619,1,1,1,52
1620,1,1,1,52
1621,1,1,1,52
1622,1,1,1,52
1623,1,1,1,52
1624,1,1,1,52
1625,1,1,1,52
1626,1,1,1,52
1627,1,1,1,52
1628,1,1,1,52
1629,1,1,1,52
1630,1,1,1,52
1631,1,1,1,52
1632,1,1,1,52
1633,1,1,1,52
1634,1,1,1,52
1635,1,1,1,52
1636,1,1,1,52
1637,1,1,1,52
1638,1,1,1,52
1639,1,1,1,52
1640,1,1,1,52
1641,1,1,1,52
1642,1,3,0,53
1643,1,3,0,53
1644,1,3,0,53
1645,1,3,0,53
1646,1,3,0,53
1647,1,3,0,53
1648,1,3,0,53
1649,1,3,0,53
1650,1,3,0,53
1651,1,3,0,53
1652,1,3,0,53
1653,1,3,0,53
1654,1,3,0,53
1655,1,3,0,53
1656,1,3,0,53
1657,1,3,0,53
1658,1,3,0,53
1659,1,3,0,53
1660,1,3,0,53
1661,1,3,0,53
1662,1,3,0,53
1663,1,3,0,53
1664,1,3,0,53
1665,1,3,0,53
1666,1,3,0,53
1667,1,3,0,53
1668,1,3,0,53
1669,1,3,0,53
1670,1,3,0,53
1671,1,3,0,53
1672,1,3,0,53
1673,1,3,0,53
1674,1,3,0,53
1675,1,3,0,53
1676,1,3,0,53
1677,1,3,0,53
1678,1,3,0,53
1679,1,3,0,53
1680,1,3,0,53
1681,1,3,0,53
1682,1,3,0,53
1683,1,3,0,53
1684,1,3,0,53
1685,1,3,0,53
1686,1,3,0,53
1687,1,3,0,53
1688,1,3,0,53
1689,1,3,0,53
1690,1,3,0,53
1691,2,3,0,55
1692,2,3,0,55
1693,2,3,0,55
1694,2,3,0,55
1695,2,3,0,55
1696,2,3,0,55
1697,2,3,0,55
1698,2,3,0,55
1699,2,3,0,55
1700,2,3,0,55
1701,2,3,0,55
1702,2,3,0,55
1703,2,3,0,55
1704,2,3,0,55
1705,2,3,0,55
1706,2,3,0,55
1707,2,3,0,55
1708,2,3,0,55
1709,2,3,0,55
1710,2,3,0,55
1711,2,3,0,55
1712,2,3,0,55
1713,2,3,0,55
1714,2,3,0,55
1715,2,3,0,55
1716,2,3,0,55
1717,2,3,0,55
1718,2,3,0,55
1719,2,3,0,55
1720,2,3,0,55
1721,2,3,0,55
1722,2,3,0,55
1723,2,3,0,55
1724,2,3,0,55
1725,2,3,0,55
1726,2,3,0,55
1727,2,3,0,55
1728,2,3,0,55
1729,2,3,0,55
1730,2,3,0,55
1731,2,3,0,55
1732,2,3,0,55
1733,2,3,0,55
1734,2,3,0,55
1735,2,3,0,55
1736,2,3,0,55
1737,2,3,0,55
1738,2,3,0,55
1739,2,3,0,55
1740,2,3,0,55
1741,3,1,0,56
1742,3,1,0,56
1743,3,1,0,56
1744,3,4,1,56
1745,3,1,0,56
1746,3,4,1,56
1747,3,1,0,56
1748,3,1,0,56
1749,3,1,0,56
1750,3,4,1,56
1751,3,1,0,56
1752,3,1,0,56
1753,3,4,1,56
1754,3,4,1,56
1755,3,4,1,56
1756,3,1,0,56
1757,3,4,1,56
1758,3,1,0,56
1759,3,4,1,56
1760,3,4,1,56
1761,3,4,1,56
1762,3,4,1,56
1763,3,4,1,56
1764,3,1,0,56
1765,3,1,0,56
1766,3,4,1,56
1767,3,1,0,56
1768,3,4,1,56
1769,3,1,0,56
1770,3,1,0,56
1771,3,4,1,56
1772,3,4,1,56
1773,3,1,0,56
1774,3,1,0,56
1775,3,1,0,56
1776,3,4,1,56
1777,3,4,1,56
1778,3,1,0,56
1779,3,1,0,56
1780,3,1,0,56
1781,3,1,0,56
1782,3,1,0,56
1783,3,1,0,56
1784,3,4,1,56
1785,3,4,1,56
1786,3,4,1,56
1787,3,4,1,56
1788,3,4,1,56
1789,3,4,1,56
1790,1,3,1,58
1791,1,3,1,58
1792,1,3,1,58
1793,1,3,1,58
1794,1,3,1,58
1795,1,3,1,58
1796,1,3,1,58
1797,1,3,1,58
1798,1,3,1,58
1799,1,3,1,58
1800,1,3,1,58
1801,1,3,1,58
1802,1,3,1,58
1803,1,3,1,58
1804,1,3,1,58
1805,1,3,1,58
1806,1,3,1,58
1807,1,3,1,58
1808,1,3,1,58
1809,1,3,1,58
1810,1,3,1,58
1811,1,3,1,58
1812,1,3,1,58
1813,1,3,1,58
1814,1,3,1,58
1815,1,3,1,58
1816,1,3,1,58
1817,1,3,1,58
1818,1,3,1,58
1819,1,3,1,58
1820,1,3,1,58
1821,1,3,1,58
1822,1,3,1,58
1823,1,3,1,58
1824,1,3,1,58
1825,1,3,1,58
1826,1,3,1,58
1827,1,3,1,58
1828,1,3,1,58
1829,1,3,1,58
1830,1,3,1,58
1831,1,3,1,58
1832,1,3,1,58
1833,1,3,1,58
1834,1,3,1,58
1835,1,3,1,58
1836,1,3,1,58
1837,1,3,1,58
1838,1,3,1,58
1839,3,1,1,67
1840,3,1,1,67
1841,3,1,1,67
1842,3,1,1,67
1843,3,1,1,67
1844,3,1,1,67
1845,3,1,1,67
1846,3,1,1,67
1847,3,1,1,67
1848,3,1,1,67
1849,3,1,1,67
1850,3,1,1,67
1851,3,1,1,67
1852,3,1,1,67
1853,3,1,1,67
1854,3,1,1,67
1855,3,1,1,67
1856,3,1,1,67
1857,3,1,1,67
1858,3,1,1,67
1859,3,1,1,67
1860,3,1,1,67
1861,3,1,1,67
1862,3,1,1,67
1863,3,1,1,67
1864,3,1,1,67
1865,3,1,1,67
1866,3,1,1,67
1867,3,1,1,67
1868,3,1,1,67
1869,3,1,1,67
1870,3,1,1,67
1871,3,1,1,67
1872,3,1,1,67
1873,3,1,1,67
1874,3,1,1,67
1875,3,1,1,67
1876,3,1,1,67
1877,3,1,1,67
1878,3,1,1,67
1879,3,1,1,67
1880,3,1,1,67
1881,3,1,1,67
1882,3,1,1,67
1883,3,1,1,67
1884,3,1,1,67
1885,3,1,1,67
1886,3,1,1,67
